{
    "hospitalID": 450044,
    "n_w": 173,
    "n_p": 49,
    "u_w": 130,
    "u_p": 31,
    "day_ind_on_0_199": [
        172,
        173,
        174,
        175,
        176,
        177,
        178,
        179,
        180,
        181,
        182,
        183,
        184,
        185,
        186,
        187,
        188,
        189,
        190,
        191,
        192,
        193,
        194,
        195,
        196,
        197,
        198,
        199
    ],
    "min_beneficiary_count": [
        11.0,
        11.0,
        11.0,
        11.0,
        11.0,
        11.0,
        11.0,
        11.0,
        11.0,
        11.0,
        12.0,
        12.0,
        12.0,
        12.0,
        12.0,
        12.0,
        12.0,
        13.0,
        14.0,
        14.0,
        14.0,
        14.0,
        17.0,
        17.0,
        18.0,
        18.0,
        19.0,
        24.0
    ],
    "min_non_beneficiary_count": [
        131.0,
        130.0,
        129.0,
        127.0,
        126.0,
        126.0,
        124.0,
        123.0,
        120.0,
        120.0,
        116.0,
        113.0,
        111.0,
        109.0,
        107.0,
        104.0,
        102.0,
        100.0,
        98.0,
        96.0,
        92.0,
        90.0,
        89.0,
        82.0,
        75.0,
        71.0,
        62.0,
        60.0
    ],
    "w_util": [
        0.24277456647398843,
        0.24855491329479767,
        0.2543352601156069,
        0.2658959537572254,
        0.27167630057803466,
        0.27167630057803466,
        0.2832369942196532,
        0.28901734104046245,
        0.3063583815028902,
        0.3063583815028902,
        0.32947976878612717,
        0.3468208092485549,
        0.3583815028901734,
        0.3699421965317919,
        0.3815028901734104,
        0.3988439306358382,
        0.41040462427745666,
        0.42196531791907516,
        0.43352601156069365,
        0.44508670520231214,
        0.4682080924855491,
        0.4797687861271676,
        0.48554913294797686,
        0.5260115606936416,
        0.5664739884393064,
        0.5895953757225434,
        0.6416184971098265,
        0.653179190751445
    ],
    "p_util": [
        0.22448979591836735,
        0.22448979591836735,
        0.22448979591836735,
        0.22448979591836735,
        0.22448979591836735,
        0.22448979591836735,
        0.22448979591836735,
        0.22448979591836735,
        0.22448979591836735,
        0.22448979591836735,
        0.24489795918367346,
        0.24489795918367346,
        0.24489795918367346,
        0.24489795918367346,
        0.24489795918367346,
        0.24489795918367346,
        0.24489795918367346,
        0.2653061224489796,
        0.2857142857142857,
        0.2857142857142857,
        0.2857142857142857,
        0.2857142857142857,
        0.3469387755102041,
        0.3469387755102041,
        0.3673469387755102,
        0.3673469387755102,
        0.3877551020408163,
        0.4897959183673469
    ],
    "diffSignal": [
        0.018284770555621083,
        0.02406511737643033,
        0.029845464197239574,
        0.041406157838858065,
        0.04718650465966731,
        0.04718650465966731,
        0.05874719830128586,
        0.0645275451220951,
        0.08186858558452284,
        0.08186858558452284,
        0.0845818096024537,
        0.10192285006488144,
        0.11348354370649993,
        0.12504423734811843,
        0.13660493098973692,
        0.1539459714521647,
        0.1655066650937832,
        0.15665919547009555,
        0.14781172584640795,
        0.15937241948802644,
        0.18249380677126342,
        0.19405450041288191,
        0.13861035743777278,
        0.17907278518343756,
        0.19912704966379619,
        0.22224843694703317,
        0.25386339506901023,
        0.1633832723840981
    ],
    "cilow": [
        -0.12802196452493825,
        -0.1179267809142058,
        -0.12039913500619581,
        -0.1050350608801156,
        -0.10096874016726165,
        -0.09792553624424415,
        -0.08063664206246014,
        -0.08106899222255316,
        -0.06679501090553146,
        -0.06142134189106075,
        -0.07019222222151217,
        -0.05145286809753147,
        -0.040408493629254916,
        -0.030924089758496524,
        -0.020895553338805363,
        0.006112471546456967,
        0.011464014415826007,
        0.0012522942693534678,
        -0.007221505438211961,
        0.0012619731002054368,
        0.02481448476530502,
        0.033008953240306664,
        -0.021424503869154135,
        0.02413134917594062,
        0.03729045739530724,
        0.06449928314820216,
        0.09369389753390142,
        0.008844784681218602
    ],
    "cihigh": [
        0.1392161128692722,
        0.13917243273205807,
        0.14558052137555869,
        0.16122222207906672,
        0.16926966801690077,
        0.16596646310168192,
        0.17744802765176707,
        0.18153180583830203,
        0.20104527637365252,
        0.201485823506727,
        0.20799165756225493,
        0.22565176260269004,
        0.23543067225889014,
        0.247334648454715,
        0.25837541587713814,
        0.27851813008019677,
        0.2889826010937854,
        0.2818280214053266,
        0.2774800528130759,
        0.2894333285325213,
        0.3102735948241336,
        0.3263469623019601,
        0.28173531341460517,
        0.3212421196389495,
        0.3402465732536808,
        0.3634700150252666,
        0.3990106310112475,
        0.31240089949841243
    ],
    "dbdfe": [
        0.8516597784768758,
        0.8510328121982487,
        0.7126204807261775,
        0.711247039328073,
        0.5832789018474033,
        0.5832789018474033,
        0.46999813641272237,
        0.46901609915180703,
        0.28955842277152477,
        0.28955842277152477,
        0.29727516728033343,
        0.22653680187542224,
        0.1700906008740947,
        0.12539703405131955,
        0.09078864578789517,
        0.06380461318230458,
        0.04423660506589401,
        0.04847357711975296,
        0.07046949330466296,
        0.0495554293205242,
        0.03280398445699696,
        0.021779912240870995,
        0.1043879586569646,
        0.034904454890819045,
        0.015464459761551388,
        0.008945156290308483,
        0.0017909216542114238,
        0.04593232524009663
    ],
    "dbdfe_stat": [
        1.1075641915336571,
        1.1426573426573428,
        1.178294573643411,
        1.2512526843235505,
        1.2886002886002885,
        1.2886002886002885,
        1.3651026392961876,
        1.4042867701404287,
        1.5257575757575759,
        1.5257575757575759,
        1.5150862068965518,
        1.6371681415929205,
        1.7222222222222223,
        1.8103975535168195,
        1.9018691588785046,
        2.045673076923077,
        2.1462418300653594,
        2.0215384615384617,
        1.913265306122449,
        2.0052083333333335,
        2.2010869565217392,
        2.3055555555555554,
        1.7766027759418375,
        2.0889526542324246,
        2.2503703703703706,
        2.4741784037558685,
        2.826825127334465,
        1.9618055555555556
    ],
    "wmpcd": [
        0.2886,
        0.3182,
        0.3464,
        0.4248,
        0.4488,
        0.4602,
        0.515,
        0.5592,
        0.6334,
        0.6402,
        0.6536,
        0.7422,
        0.78,
        0.8236,
        0.856,
        0.9118,
        0.9246,
        0.904,
        0.8958,
        0.9094,
        0.9532,
        0.961,
        0.856,
        0.9438,
        0.9644,
        0.9824,
        0.9934,
        0.927
    ],