{"hospitalID": 390111, "n_w": 270, "n_p": 57, "u_w": 178, "u_p": 41, "day_ind_on_0_199": [161, 162, 163, 164, 165, 166, 167, 168, 169, 170, 171, 172, 173, 174, 175, 176, 177, 178, 179, 180, 181, 182, 183, 184, 185, 186, 187, 188, 189, 190, 191, 192, 193, 194, 195, 196, 197, 198, 199], "min_beneficiary_count": [11.0, 11.0, 12.0, 12.0, 14.0, 14.0, 14.0, 15.0, 15.0, 15.0, 15.0, 15.0, 15.0, 16.0, 16.0, 17.0, 17.0, 18.0, 18.0, 18.0, 18.0, 18.0, 20.0, 20.0, 20.0, 21.0, 22.0, 22.0, 23.0, 24.0, 25.0, 26.0, 27.0, 31.0, 31.0, 32.0, 32.0, 33.0, 40.0], "min_non_beneficiary_count": [246.0, 246.0, 246.0, 245.0, 243.0, 243.0, 242.0, 239.0, 238.0, 237.0, 237.0, 237.0, 235.0, 234.0, 233.0, 233.0, 232.0, 229.0, 229.0, 228.0, 226.0, 223.0, 220.0, 217.0, 216.0, 214.0, 213.0, 207.0, 205.0, 201.0, 198.0, 191.0, 181.0, 174.0, 166.0, 159.0, 149.0, 134.0, 115.0], "w_util": [0.08888888888888889, 0.08888888888888889, 0.08888888888888889, 0.09259259259259259, 0.1, 0.1, 0.1037037037037037, 0.11481481481481481, 0.11851851851851852, 0.12222222222222222, 0.12222222222222222, 0.12222222222222222, 0.12962962962962962, 0.13333333333333333, 0.13703703703703704, 0.13703703703703704, 0.14074074074074075, 0.15185185185185185, 0.15185185185185185, 0.15555555555555556, 0.16296296296296298, 0.17407407407407408, 0.18518518518518517, 0.1962962962962963, 0.2, 0.2074074074074074, 0.2111111111111111, 0.23333333333333334, 0.24074074074074073, 0.25555555555555554, 0.26666666666666666, 0.29259259259259257, 0.3296296296296296, 0.35555555555555557, 0.3851851851851852, 0.4111111111111111, 0.44814814814814813, 0.5037037037037037, 0.5740740740740741], "p_util": [0.19298245614035087, 0.19298245614035087, 0.21052631578947367, 0.21052631578947367, 0.24561403508771928, 0.24561403508771928, 0.24561403508771928, 0.2631578947368421, 0.2631578947368421, 0.2631578947368421, 0.2631578947368421, 0.2631578947368421, 0.2631578947368421, 0.2807017543859649, 0.2807017543859649, 0.2982456140350877, 0.2982456140350877, 0.3157894736842105, 0.3157894736842105, 0.3157894736842105, 0.3157894736842105, 0.3157894736842105, 0.3508771929824561, 0.3508771929824561, 0.3508771929824561, 0.3684210526315789, 0.38596491228070173, 0.38596491228070173, 0.40350877192982454, 0.42105263157894735, 0.43859649122807015, 0.45614035087719296, 0.47368421052631576, 0.543859649122807, 0.543859649122807, 0.5614035087719298, 0.5614035087719298, 0.5789473684210527, 0.7017543859649122], "diffSignal": [-0.10409356725146197, -0.10409356725146197, -0.12163742690058478, -0.11793372319688109, -0.14561403508771928, -0.14561403508771928, -0.1419103313840156, -0.14834307992202728, -0.14463937621832357, -0.14093567251461986, -0.14093567251461986, -0.14093567251461986, -0.13352826510721247, -0.14736842105263157, -0.14366471734892786, -0.16120857699805066, -0.15750487329434695, -0.16393762183235866, -0.16393762183235866, -0.16023391812865495, -0.15282651072124753, -0.14171539961013643, -0.16569200779727095, -0.15458089668615982, -0.1508771929824561, -0.16101364522417153, -0.17485380116959062, -0.1526315789473684, -0.1627680311890838, -0.1654970760233918, -0.1719298245614035, -0.1635477582846004, -0.14405458089668616, -0.18830409356725147, -0.15867446393762186, -0.1502923976608187, -0.11325536062378166, -0.075243664717349, -0.12768031189083817], "cilow": [-0.22764721922255107, -0.23206970123911685, -0.23991527839030904, -0.24287895476030813, -0.274803107220525, -0.2780436021474484, -0.2664220537395008, -0.27795901042747845, -0.2769620312521552, -0.26790879115237537, -0.26585471387810217, -0.2657596397226107, -0.2616752267724103, -0.27792155119212153, -0.27495331668462175, -0.29664774962125073, -0.29044809062171434, -0.2957245570617249, -0.2991283071103085, -0.29203545898878513, -0.28456692335126926, -0.2781761478923073, -0.2988853588454842, -0.28814517401322887, -0.2828904876404828, -0.3033059604767757, -0.31400964556515665, -0.2899167186063789, -0.30025849492496537, -0.299952637940933, -0.30748476450646034, -0.3035445336712014, -0.28195455937005226, -0.32151018692098904, -0.29065995786083026, -0.28180434536118104, -0.24616845000653048, -0.21065709074328448, -0.24361533358525922], "cihigh": [-0.013997791664456385, -0.013263072827514195, -0.028506321258241298, -0.02239496329809415, -0.04556468765033741, -0.04236271456888731, -0.0389098385849648, -0.041385371782016095, -0.03941666103233821, -0.034546908713479346, -0.032187577642349, -0.03360870743483595, -0.025537329746673835, -0.037637761783919414, -0.032551170905566085, -0.051171004541668286, -0.04432452264858544, -0.04657240128138013, -0.04826024341058473, -0.040699155825444866, -0.03618470432680292, -0.022783040294724066, -0.04229831881419975, -0.03280376002878856, -0.0251221347231821, -0.03372947661164296, -0.050162833678782416, -0.024267809322388596, -0.03543520182369644, -0.028996551711032183, -0.04073057616293467, -0.03151372980668621, -0.009414904617505118, -0.04868756604398839, -0.01998476941896455, -0.006875355348156645, 0.028124212901015442, 0.0706450981523115, 0.019586489025265816], "dbdfe": [0.03159850783934284, 0.03159850783934284, 0.017141309470824748, 0.019041007902866405, 0.006717873670387455, 0.006717873670387455, 0.007560619252253213, 0.005984455676116372, 0.01105541324341681, 0.011961302977424957, 0.011961302977424957, 0.011961302977424957, 0.015154865543031628, 0.009067281504184047, 0.01603897429256435, 0.00534843508057065, 0.006169384691172614, 0.007023000619467172, 0.007023000619467172, 0.007688522291690604, 0.014372614995972408, 0.026934402559123646, 0.007755637010223521, 0.014290913207065804, 0.022360548777261176, 0.015237913470823237, 0.00985083844516853, 0.020411594221554842, 0.01418040760370888, 0.015258649890536487, 0.015931983635650973, 0.01941798554881311, 0.047482934750416886, 0.010699068941886724, 0.037553221144483034, 0.04070852378500663, 0.1441064279440441, 0.31172401783259496, 0.07701415870831735], "dbdfe_stat": [0.4079822616407982, 0.4079822616407982, 0.36585365853658536, 0.3826530612244898, 0.3412698412698413, 0.3412698412698413, 0.35537190082644626, 0.3631799163179916, 0.3764705882352941, 0.389873417721519, 0.389873417721519, 0.389873417721519, 0.41702127659574467, 0.3942307692307692, 0.4069206008583691, 0.3736430194395355, 0.385395537525355, 0.3879184861717613, 0.3879184861717613, 0.3991228070175439, 0.4218289085545723, 0.45665171898355755, 0.42045454545454547, 0.4518433179723502, 0.4625, 0.4485981308411215, 0.42573623559539053, 0.4841897233201581, 0.4687168610816543, 0.47201492537313433, 0.46545454545454545, 0.49315344341522355, 0.5463474524248005, 0.46273637374860954, 0.5254566653711621, 0.5454009433962265, 0.6344379194630873, 0.7381275440976933, 0.5728260869565217], "wmpcd": [0.0, 0.0002, 0.0, 0.0002, 0.0004, 0.0, 0.0, 0.0, 0.0, 0.0004, 0.0002, 0.0, 0.0, 0.0002, 0.0002, 0.0, 0.0, 0.0, 0.0, 0.0, 0.0, 0.0008, 0.0002, 0.0, 0.0004, 0.0, 0.0, 0.0008, 0.0002, 0.0002, 0.0002, 0.0006, 0.002, 0.001, 0.0012, 0.0028, 0.011, 0.046, 0.0092], "pmpcd": [0.8692, 0.8662, 0.93, 0.915, 0.9698, 0.9648, 0.9602, 0.962, 0.959, 0.9492, 0.951, 0.9512, 0.937, 0.954, 0.9488, 0.9764, 0.968, 0.9712, 0.9726, 0.9646, 0.9596, 0.932, 0.964, 0.9546, 0.94, 0.9596, 0.9756, 0.9378, 0.9558, 0.9528, 0.9662, 0.9526, 0.909, 0.9734, 0.9326, 0.9148, 0.8046, 0.63, 0.8614], "fep": 0.07701415870831735, "fes": 0.5728260869565217, "mws": 4594.5, "mwp": 0.009665970279266372}