{
    "hospitalID": 450044,
    "n_w": 173,
    "n_p": 49,
    "u_w": 130,
    "u_p": 31,
    "day_ind_on_0_199": [
        172,
        173,
        174,
        175,
        176,
        177,
        178,
        179,
        180,
        181,
        182,
        183,
        184,
        185,
        186,
        187,
        188,
        189,
        190,
        191,
        192,
        193,
        194,
        195,
        196,
        197,
        198,
        199
    ],
    "min_beneficiary_count": [
        11.0,
        11.0,
        11.0,
        11.0,
        11.0,
        11.0,
        11.0,
        11.0,
        11.0,
        11.0,
        12.0,
        12.0,
        12.0,
        12.0,
        12.0,
        12.0,
        12.0,
        13.0,
        14.0,
        14.0,
        14.0,
        14.0,
        17.0,
        17.0,
        18.0,
        18.0,
        19.0,
        24.0
    ],
    "min_non_beneficiary_count": [
        131.0,
        130.0,
        129.0,
        127.0,
        126.0,
        126.0,
        124.0,
        123.0,
        120.0,
        120.0,
        116.0,
        113.0,
        111.0,
        109.0,
        107.0,
        104.0,
        102.0,
        100.0,
        98.0,
        96.0,
        92.0,
        90.0,
        89.0,
        82.0,
        75.0,
        71.0,
        62.0,
        60.0
    ],
    "w_util": [
        0.24277456647398843,
        0.24855491329479767,
        0.2543352601156069,
        0.2658959537572254,
        0.27167630057803466,
        0.27167630057803466,
        0.2832369942196532,
        0.28901734104046245,
        0.3063583815028902,
        0.3063583815028902,
        0.32947976878612717,
        0.3468208092485549,
        0.3583815028901734,
        0.3699421965317919,
        0.3815028901734104,
        0.3988439306358382,
        0.41040462427745666,
        0.42196531791907516,
        0.43352601156069365,
        0.44508670520231214,
        0.4682080924855491,
        0.4797687861271676,
        0.48554913294797686,
        0.5260115606936416,
        0.5664739884393064,
        0.5895953757225434,
        0.6416184971098265,
        0.653179190751445
    ],
    "p_util": [
        0.22448979591836735,
        0.22448979591836735,
        0.22448979591836735,
        0.22448979591836735,
        0.22448979591836735,
        0.22448979591836735,
        0.22448979591836735,
        0.22448979591836735,
        0.22448979591836735,
        0.22448979591836735,
        0.24489795918367346,
        0.24489795918367346,
        0.24489795918367346,
        0.24489795918367346,
        0.24489795918367346,
        0.24489795918367346,
        0.24489795918367346,
        0.2653061224489796,
        0.2857142857142857,
        0.2857142857142857,
        0.2857142857142857,
        0.2857142857142857,
        0.3469387755102041,
        0.3469387755102041,
        0.3673469387755102,
        0.3673469387755102,
        0.3877551020408163,
        0.4897959183673469
    ],
    "diffSignal": [
        0.018284770555621083,
        0.02406511737643033,
        0.029845464197239574,
        0.041406157838858065,
        0.04718650465966731,
        0.04718650465966731,
        0.05874719830128586,
        0.0645275451220951,
        0.08186858558452284,
        0.08186858558452284,
        0.0845818096024537,
        0.10192285006488144,
        0.11348354370649993,
        0.12504423734811843,
        0.13660493098973692,
        0.1539459714521647,
        0.1655066650937832,
        0.15665919547009555,
        0.14781172584640795,
        0.15937241948802644,
        0.18249380677126342,
        0.19405450041288191,
        0.13861035743777278,
        0.17907278518343756,
        0.19912704966379619,
        0.22224843694703317,
        0.25386339506901023,
        0.1633832723840981
    ],
    "cilow": [
        -0.13126226171589042,
        -0.12172325158460125,
        -0.1144927211459769,
        -0.10668731054101997,
        -0.10042248070580147,
        -0.10107889764849291,
        -0.09270024926064331,
        -0.08183749438970356,
        -0.06350801854054038,
        -0.06702898242611363,
        -0.06807531340567469,
        -0.048593153598714876,
        -0.03821713362166507,
        -0.027146502607878285,
        -0.01596052134962931,
        0.0005751534086013119,
        0.011355795912767494,
        0.0032879871941953356,
        -0.009024822826735467,
        0.0015764407772029523,
        0.02374335028492826,
        0.03812387083540136,
        -0.022215814588526745,
        0.019627639670992715,
        0.03965112001290142,
        0.06331951034687792,
        0.09490092576509294,
        0.007791304462473124
    ],
    "cihigh": [
        0.13566372910556196,
        0.14111835970492867,
        0.14511307079013647,
        0.15773016369523576,
        0.16604817734780528,
        0.1637116791562594,
        0.1766184620998991,
        0.18165928785333849,
        0.2013472642566043,
        0.20065067937975123,
        0.20691423953963892,
        0.22458977003437372,
        0.23758784191913992,
        0.24894552544319826,
        0.25844148039974485,
        0.27458405583617596,
        0.2870877073124169,
        0.28351362462980595,
        0.2773795196433337,
        0.2878113814204239,
        0.3129972586486625,
        0.32410376481854913,
        0.27820669841591034,
        0.31858801442627654,
        0.34047777882840696,
        0.3625830213259235,
        0.3931860355379097,
        0.3120387181255995
    ],
    "dbdfe": [
        0.8516597784768758,
        0.8510328121982487,
        0.7126204807261775,
        0.711247039328073,
        0.5832789018474033,
        0.5832789018474033,
        0.46999813641272237,
        0.46901609915180703,
        0.28955842277152477,
        0.28955842277152477,
        0.29727516728033343,
        0.22653680187542224,
        0.1700906008740947,
        0.12539703405131955,
        0.09078864578789517,
        0.06380461318230458,
        0.04423660506589401,
        0.04847357711975296,
        0.07046949330466296,
        0.0495554293205242,
        0.03280398445699696,
        0.021779912240870995,
        0.1043879586569646,
        0.034904454890819045,
        0.015464459761551388,
        0.008945156290308483,
        0.0017909216542114238,
        0.04593232524009663
    ],
    "dbdfe_stat": [
        1.1075641915336571,
        1.1426573426573428,
        1.178294573643411,
        1.2512526843235505,
        1.2886002886002885,
        1.2886002886002885,
        1.3651026392961876,
        1.4042867701404287,
        1.5257575757575759,
        1.5257575757575759,
        1.5150862068965518,
        1.6371681415929205,
        1.7222222222222223,
        1.8103975535168195,
        1.9018691588785046,
        2.045673076923077,
        2.1462418300653594,
        2.0215384615384617,
        1.913265306122449,
        2.0052083333333335,
        2.2010869565217392,
        2.3055555555555554,
        1.7766027759418375,
        2.0889526542324246,
        2.2503703703703706,
        2.4741784037558685,
        2.826825127334465,
        1.9618055555555556
    ],
    "wmpcd": [
        0.2841,
        0.31805,
        0.3481,
        0.41125,
        0.44815,
        0.4462,
        0.51365,
        0.5487,
        0.6459,
        0.64765,
        0.65115,
        0.7393,
        0.78565,
        0.8293,
        0.8616,
        0.90565,
        0.92685,
        0.9121,
        0.88575,
        0.9125,
        0.9498,
        0.9656,
        0.86265,
        0.94325,
        0.96665,
        0.9829,
        0.99435,
        0.9224
    ],