{
    "hospitalID": 390111,
    "n_w": 270,
    "n_p": 57,
    "u_w": 178,
    "u_p": 41,
    "day_ind_on_0_199": [
        161,
        162,
        163,
        164,
        165,
        166,
        167,
        168,
        169,
        170,
        171,
        172,
        173,
        174,
        175,
        176,
        177,
        178,
        179,
        180,
        181,
        182,
        183,
        184,
        185,
        186,
        187,
        188,
        189,
        190,
        191,
        192,
        193,
        194,
        195,
        196,
        197,
        198,
        199
    ],
    "min_beneficiary_count": [
        11.0,
        11.0,
        12.0,
        12.0,
        14.0,
        14.0,
        14.0,
        15.0,
        15.0,
        15.0,
        15.0,
        15.0,
        15.0,
        16.0,
        16.0,
        17.0,
        17.0,
        18.0,
        18.0,
        18.0,
        18.0,
        18.0,
        20.0,
        20.0,
        20.0,
        21.0,
        22.0,
        22.0,
        23.0,
        24.0,
        25.0,
        26.0,
        27.0,
        31.0,
        31.0,
        32.0,
        32.0,
        33.0,
        40.0
    ],
    "min_non_beneficiary_count": [
        246.0,
        246.0,
        246.0,
        245.0,
        243.0,
        243.0,
        242.0,
        239.0,
        238.0,
        237.0,
        237.0,
        237.0,
        235.0,
        234.0,
        233.0,
        233.0,
        232.0,
        229.0,
        229.0,
        228.0,
        226.0,
        223.0,
        220.0,
        217.0,
        216.0,
        214.0,
        213.0,
        207.0,
        205.0,
        201.0,
        198.0,
        191.0,
        181.0,
        174.0,
        166.0,
        159.0,
        149.0,
        134.0,
        115.0
    ],
    "w_util": [
        0.08888888888888889,
        0.08888888888888889,
        0.08888888888888889,
        0.09259259259259259,
        0.1,
        0.1,
        0.1037037037037037,
        0.11481481481481481,
        0.11851851851851852,
        0.12222222222222222,
        0.12222222222222222,
        0.12222222222222222,
        0.12962962962962962,
        0.13333333333333333,
        0.13703703703703704,
        0.13703703703703704,
        0.14074074074074075,
        0.15185185185185185,
        0.15185185185185185,
        0.15555555555555556,
        0.16296296296296298,
        0.17407407407407408,
        0.18518518518518517,
        0.1962962962962963,
        0.2,
        0.2074074074074074,
        0.2111111111111111,
        0.23333333333333334,
        0.24074074074074073,
        0.25555555555555554,
        0.26666666666666666,
        0.29259259259259257,
        0.3296296296296296,
        0.35555555555555557,
        0.3851851851851852,
        0.4111111111111111,
        0.44814814814814813,
        0.5037037037037037,
        0.5740740740740741
    ],
    "p_util": [
        0.19298245614035087,
        0.19298245614035087,
        0.21052631578947367,
        0.21052631578947367,
        0.24561403508771928,
        0.24561403508771928,
        0.24561403508771928,
        0.2631578947368421,
        0.2631578947368421,
        0.2631578947368421,
        0.2631578947368421,
        0.2631578947368421,
        0.2631578947368421,
        0.2807017543859649,
        0.2807017543859649,
        0.2982456140350877,
        0.2982456140350877,
        0.3157894736842105,
        0.3157894736842105,
        0.3157894736842105,
        0.3157894736842105,
        0.3157894736842105,
        0.3508771929824561,
        0.3508771929824561,
        0.3508771929824561,
        0.3684210526315789,
        0.38596491228070173,
        0.38596491228070173,
        0.40350877192982454,
        0.42105263157894735,
        0.43859649122807015,
        0.45614035087719296,
        0.47368421052631576,
        0.543859649122807,
        0.543859649122807,
        0.5614035087719298,
        0.5614035087719298,
        0.5789473684210527,
        0.7017543859649122
    ],
    "diffSignal": [
        -0.10409356725146197,
        -0.10409356725146197,
        -0.12163742690058478,
        -0.11793372319688109,
        -0.14561403508771928,
        -0.14561403508771928,
        -0.1419103313840156,
        -0.14834307992202728,
        -0.14463937621832357,
        -0.14093567251461986,
        -0.14093567251461986,
        -0.14093567251461986,
        -0.13352826510721247,
        -0.14736842105263157,
        -0.14366471734892786,
        -0.16120857699805066,
        -0.15750487329434695,
        -0.16393762183235866,
        -0.16393762183235866,
        -0.16023391812865495,
        -0.15282651072124753,
        -0.14171539961013643,
        -0.16569200779727095,
        -0.15458089668615982,
        -0.1508771929824561,
        -0.16101364522417153,
        -0.17485380116959062,
        -0.1526315789473684,
        -0.1627680311890838,
        -0.1654970760233918,
        -0.1719298245614035,
        -0.1635477582846004,
        -0.14405458089668616,
        -0.18830409356725147,
        -0.15867446393762186,
        -0.1502923976608187,
        -0.11325536062378166,
        -0.075243664717349,
        -0.12768031189083817
    ],
    "cilow": [
        -0.22604286442015545,
        -0.22681059210462737,
        -0.24610218011936816,
        -0.24395248103591927,
        -0.2748131912503859,
        -0.2740439116778741,
        -0.2693905192625017,
        -0.2788036712038118,
        -0.2737136188891804,
        -0.27331900538730003,
        -0.26984241948035637,
        -0.27106632713678463,
        -0.2645766448281821,
        -0.2796361493297333,
        -0.27725675516639514,
        -0.29363862854571504,
        -0.288798928618536,
        -0.29850870144228103,
        -0.2975040257289588,
        -0.29441090740272086,
        -0.2864484200931595,
        -0.27575924693245407,
        -0.3022911150363208,
        -0.29144938590853753,
        -0.2879261729622823,
        -0.29811713668343076,
        -0.3100310821553357,
        -0.2892097164070305,
        -0.2987570858337798,
        -0.3037106159707068,
        -0.30860385875674906,
        -0.3020138345190276,
        -0.28272209957249045,
        -0.32143659587209417,
        -0.2950760434386632,
        -0.28444802935618657,
        -0.24652228410040627,
        -0.20825432869672364,
        -0.2451949186556094
    ],
    "cihigh": [
        -0.011920879303078773,
        -0.012967576367207991,
        -0.02771349541093181,
        -0.022522699504424055,
        -0.042157290335148596,
        -0.04362759526959209,
        -0.0373188486013381,
        -0.04206095730243955,
        -0.03718447763152283,
        -0.03294201373754288,
        -0.03284398674843215,
        -0.033094793460815806,
        -0.025970939209263563,
        -0.03680630536725825,
        -0.03484918362753716,
        -0.047246239493314,
        -0.04612052760895611,
        -0.04595149309099885,
        -0.04532765438635167,
        -0.04142183325049631,
        -0.0349023111409457,
        -0.025524166692103032,
        -0.043507402514553845,
        -0.031876306549069415,
        -0.029278097256564932,
        -0.03606061369387923,
        -0.04786673314712277,
        -0.023860490017732158,
        -0.03431214918196953,
        -0.03348550596982097,
        -0.0364440987472335,
        -0.027225679244898004,
        -0.007602108848849324,
        -0.047289569429177176,
        -0.01899420334620571,
        -0.010622501208788743,
        0.029643411453201828,
        0.06779673160311407,
        0.014699107179183955
    ],