{"num_patients": 100480, "num_hospitals": 773, "mean_wp": 101.06727037516171, "median_wp": 81.0, "min_wp": 11, "fq_wp": 44.0, "tq_wp": 135.0, "max_wp": 659, "mean_pp": 28.919793014230272, "median_pp": 21.0, "min_pp": 11, "fq_pp": 14.0, "tq_pp": 34.0, "max_pp": 219, "num_poc": 22355, "num_white": 78125, "percent_poc": 22.248208598726116, "percent_white": 77.75179140127389, "num_hospitals_fep": 44, "percent_hospitals_fep": 5.692108667529108, "num_hospitals_mwp": 46, "percent_hospitals_mwp": 5.950840879689522, "num_days_pmpcdp": 2561, "num_days_wmpcdp": 589, "num_days_pcdp": 3150, "num_days_dbdfep": 3204, "percent_days_pmpcdp": 1.6565329883570505, "percent_days_wmpcdp": 0.38098318240620954, "percent_days_pcdp": 2.03751617076326, "percent_days_dbdfep": 2.072445019404916, "num_hospitals_with_1_pcdp_day": 234, "percent_hospitals_with_1_pcdp_day": 30.271668822768433, "num_hospitals_with_5_pcdp_days": 127, "percent_hospitals_with_5_pcdp_days": 16.429495472186286, "num_hospitals_with_10_pcdp_days": 83, "percent_hospitals_with_10_pcdp_days": 10.73738680465718, "num_hospitals_with_15_pcdp_days": 64, "percent_hospitals_with_15_pcdp_days": 8.279430789133247, "num_hospitals_with_20_pcdp_days": 44, "percent_hospitals_with_20_pcdp_days": 5.692108667529108, "num_hospitals_with_25_pcdp_days": 35, "percent_hospitals_with_25_pcdp_days": 4.527813712807244, "num_hospitals_with_30_pcdp_days": 27, "percent_hospitals_with_30_pcdp_days": 3.4928848641655885, "num_hospitals_with_35_pcdp_days": 24, "percent_hospitals_with_35_pcdp_days": 3.1047865459249677, "num_hospitals_with_1_pmpcdp_day": 140, "percent_hospitals_with_1_pmpcdp_day": 18.111254851228978, "num_hospitals_with_5_pmpcdp_days": 90, "percent_hospitals_with_5_pmpcdp_days": 11.642949547218628, "num_hospitals_with_10_pmpcdp_days": 67, "percent_hospitals_with_10_pmpcdp_days": 8.667529107373868, "num_hospitals_with_15_pmpcdp_days": 55, "percent_hospitals_with_15_pmpcdp_days": 7.115135834411385, "num_hospitals_with_20_pmpcdp_days": 40, "percent_hospitals_with_20_pmpcdp_days": 5.17464424320828, "num_hospitals_with_25_pmpcdp_days": 33, "percent_hospitals_with_25_pmpcdp_days": 4.269081500646831, "num_hospitals_with_30_pmpcdp_days": 25, "percent_hospitals_with_30_pmpcdp_days": 3.2341526520051747, "num_hospitals_with_35_pmpcdp_days": 22, "percent_hospitals_with_35_pmpcdp_days": 2.846054333764554, "num_hospitals_with_1_wmpcdp_day": 95, "percent_hospitals_with_1_wmpcdp_day": 12.289780077619664, "num_hospitals_with_5_wmpcdp_days": 37, "percent_hospitals_with_5_wmpcdp_days": 4.786545924967658, "num_hospitals_with_10_wmpcdp_days": 16, "percent_hospitals_with_10_wmpcdp_days": 2.069857697283312, "num_hospitals_with_15_wmpcdp_days": 9, "percent_hospitals_with_15_wmpcdp_days": 1.1642949547218628, "num_hospitals_with_20_wmpcdp_days": 4, "percent_hospitals_with_20_wmpcdp_days": 0.517464424320828, "num_hospitals_with_25_wmpcdp_days": 2, "percent_hospitals_with_25_wmpcdp_days": 0.258732212160414, "num_hospitals_with_30_wmpcdp_days": 2, "percent_hospitals_with_30_wmpcdp_days": 0.258732212160414, "num_hospitals_with_35_wmpcdp_days": 2, "percent_hospitals_with_35_wmpcdp_days": 0.258732212160414, "num_hospitals_with_1_dbdfep_day": 205, "percent_hospitals_with_1_dbdfep_day": 26.52005174644243, "num_hospitals_with_5_dbdfep_days": 125, "percent_hospitals_with_5_dbdfep_days": 16.170763260025872, "num_hospitals_with_10_dbdfep_days": 86, "percent_hospitals_with_10_dbdfep_days": 11.1254851228978, "num_hospitals_with_15_dbdfep_days": 63, "percent_hospitals_with_15_dbdfep_days": 8.15006468305304, "num_hospitals_with_20_dbdfep_days": 52, "percent_hospitals_with_20_dbdfep_days": 6.727037516170762, "num_hospitals_with_25_dbdfep_days": 43, "percent_hospitals_with_25_dbdfep_days": 5.5627425614489, "num_hospitals_with_30_dbdfep_days": 35, "percent_hospitals_with_30_dbdfep_days": 4.527813712807244, "num_hospitals_with_35_dbdfep_days": 28, "percent_hospitals_with_35_dbdfep_days": 3.6222509702457955, "is_hospital_with_pmpcdp_and_wmpcdp": true, "distribution_of_pmpcdp_days": [0, 0, 0, 0, 0, 0, 0, 0, 0, 0, 0, 0, 0, 0, 0, 0, 1, 1, 1, 1, 1, 1, 1, 1, 1, 1, 1, 1, 1, 1, 1, 1, 1, 1, 2, 2, 2, 3, 3, 3, 3, 3, 3, 2, 2, 2, 2, 2, 2, 4, 4, 4, 4, 4, 4, 4, 4, 4, 5, 5, 4, 5, 4, 4, 5, 6, 6, 6, 6, 6, 6, 5, 7, 6, 5, 6, 7, 6, 7, 7, 8, 8, 8, 8, 9, 6, 6, 8, 8, 8, 9, 9, 10, 10, 10, 10, 10, 11, 11, 10, 9, 10, 11, 12, 12, 13, 13, 12, 12, 11, 10, 8, 9, 10, 11, 12, 12, 12, 12, 14, 15, 18, 15, 15, 15, 17, 19, 20, 21, 21, 21, 20, 22, 23, 21, 21, 19, 19, 21, 24, 24, 25, 22, 22, 19, 18, 19, 19, 21, 23, 24, 27, 26, 25, 21, 23, 23, 23, 23, 23, 25, 24, 29, 28, 32, 33, 33, 32, 32, 30, 33, 28, 26, 26, 27, 26, 28, 26, 30, 26, 27, 28, 25, 26, 30, 29, 32, 31, 30, 27, 29, 32, 33, 30, 26, 23, 20, 18, 19, 19], "distribution_of_wmpcdp_days": [0, 0, 0, 0, 0, 0, 0, 0, 0, 0, 0, 0, 0, 0, 0, 0, 0, 0, 0, 0, 0, 0, 0, 0, 0, 0, 0, 0, 0, 0, 0, 0, 0, 0, 0, 0, 0, 0, 0, 0, 0, 0, 0, 0, 0, 0, 0, 0, 0, 0, 0, 0, 0, 0, 0, 0, 0, 0, 0, 0, 0, 0, 0, 0, 0, 0, 0, 0, 0, 0, 0, 0, 0, 0, 0, 0, 0, 0, 0, 0, 0, 0, 0, 0, 0, 0, 0, 0, 0, 0, 0, 0, 0, 0, 0, 0, 1, 0, 1, 0, 0, 0, 0, 1, 0, 1, 0, 0, 1, 0, 1, 0, 0, 0, 1, 0, 1, 0, 0, 0, 1, 1, 1, 0, 1, 1, 2, 2, 2, 1, 2, 1, 2, 4, 3, 4, 2, 3, 3, 3, 4, 4, 4, 4, 3, 4, 3, 4, 3, 4, 3, 2, 2, 2, 3, 2, 3, 5, 4, 6, 5, 5, 6, 6, 5, 5, 6, 7, 8, 5, 5, 3, 5, 4, 7, 9, 10, 9, 12, 10, 10, 10, 9, 9, 10, 11, 13, 13, 16, 14, 16, 17, 17, 15, 18, 23, 24, 23, 31, 42], "distribution_of_dbdfep_days": [0, 0, 2, 2, 2, 2, 2, 2, 2, 2, 2, 2, 2, 2, 2, 2, 3, 3, 3, 3, 3, 3, 3, 3, 3, 3, 3, 3, 3, 3, 3, 3, 3, 5, 6, 5, 6, 8, 8, 8, 9, 9, 9, 8, 8, 8, 8, 8, 10, 11, 11, 11, 11, 10, 10, 11, 11, 11, 11, 11, 10, 9, 9, 9, 9, 11, 11, 11, 11, 10, 9, 9, 10, 9, 9, 10, 10, 10, 11, 11, 11, 10, 10, 11, 12, 10, 8, 10, 10, 12, 13, 14, 15, 15, 15, 15, 13, 14, 14, 13, 13, 13, 12, 11, 11, 11, 11, 12, 11, 11, 11, 10, 11, 10, 9, 11, 13, 14, 16, 16, 18, 19, 18, 19, 18, 20, 21, 23, 23, 24, 24, 22, 24, 26, 25, 25, 23, 21, 22, 23, 25, 25, 24, 26, 27, 27, 26, 24, 26, 25, 26, 26, 24, 28, 28, 30, 31, 30, 30, 27, 26, 28, 31, 28, 31, 33, 31, 32, 33, 31, 33, 31, 26, 26, 27, 30, 30, 31, 29, 31, 29, 27, 29, 28, 31, 28, 32, 28, 32, 33, 38, 41, 35, 28, 23, 33, 34, 27, 32, 44]}