{"num_patients": 100480, "num_hospitals": 773, "mean_wp": 101.06727037516171, "median_wp": 81.0, "min_wp": 11, "fq_wp": 44.0, "tq_wp": 135.0, "max_wp": 659, "mean_pp": 28.919793014230272, "median_pp": 21.0, "min_pp": 11, "fq_pp": 14.0, "tq_pp": 34.0, "max_pp": 219, "num_poc": 22355, "num_white": 78125, "percent_poc": 22.248208598726116, "percent_white": 77.75179140127389, "num_hospitals_fep": 44, "percent_hospitals_fep": 5.692108667529108, "num_hospitals_mwp": 46, "percent_hospitals_mwp": 5.950840879689522, "num_days_pmpcdp": 1214, "num_days_wmpcdp": 271, "num_days_pcdp": 1485, "num_days_dbdfep": 3204, "percent_days_pmpcdp": 0.7852522639068564, "percent_days_wmpcdp": 0.17529107373868047, "percent_days_pcdp": 0.9605433376455369, "percent_days_dbdfep": 2.072445019404916, "num_hospitals_with_1_pcdp_day": 148, "percent_hospitals_with_1_pcdp_day": 19.146183699870633, "num_hospitals_with_5_pcdp_days": 70, "percent_hospitals_with_5_pcdp_days": 9.055627425614489, "num_hospitals_with_10_pcdp_days": 41, "percent_hospitals_with_10_pcdp_days": 5.304010349288486, "num_hospitals_with_15_pcdp_days": 26, "percent_hospitals_with_15_pcdp_days": 3.363518758085381, "num_hospitals_with_20_pcdp_days": 21, "percent_hospitals_with_20_pcdp_days": 2.716688227684347, "num_hospitals_with_25_pcdp_days": 19, "percent_hospitals_with_25_pcdp_days": 2.457956015523933, "num_hospitals_with_30_pcdp_days": 14, "percent_hospitals_with_30_pcdp_days": 1.8111254851228977, "num_hospitals_with_35_pcdp_days": 10, "percent_hospitals_with_35_pcdp_days": 1.29366106080207, "num_hospitals_with_1_pmpcdp_day": 78, "percent_hospitals_with_1_pmpcdp_day": 10.090556274256144, "num_hospitals_with_5_pmpcdp_days": 51, "percent_hospitals_with_5_pmpcdp_days": 6.597671410090557, "num_hospitals_with_10_pmpcdp_days": 35, "percent_hospitals_with_10_pmpcdp_days": 4.527813712807244, "num_hospitals_with_15_pmpcdp_days": 24, "percent_hospitals_with_15_pmpcdp_days": 3.1047865459249677, "num_hospitals_with_20_pmpcdp_days": 21, "percent_hospitals_with_20_pmpcdp_days": 2.716688227684347, "num_hospitals_with_25_pmpcdp_days": 19, "percent_hospitals_with_25_pmpcdp_days": 2.457956015523933, "num_hospitals_with_30_pmpcdp_days": 14, "percent_hospitals_with_30_pmpcdp_days": 1.8111254851228977, "num_hospitals_with_35_pmpcdp_days": 10, "percent_hospitals_with_35_pmpcdp_days": 1.29366106080207, "num_hospitals_with_1_wmpcdp_day": 70, "percent_hospitals_with_1_wmpcdp_day": 9.055627425614489, "num_hospitals_with_5_wmpcdp_days": 19, "percent_hospitals_with_5_wmpcdp_days": 2.457956015523933, "num_hospitals_with_10_wmpcdp_days": 6, "percent_hospitals_with_10_wmpcdp_days": 0.7761966364812419, "num_hospitals_with_15_wmpcdp_days": 2, "percent_hospitals_with_15_wmpcdp_days": 0.258732212160414, "num_hospitals_with_20_wmpcdp_days": 0, "percent_hospitals_with_20_wmpcdp_days": 0.0, "num_hospitals_with_25_wmpcdp_days": 0, "percent_hospitals_with_25_wmpcdp_days": 0.0, "num_hospitals_with_30_wmpcdp_days": 0, "percent_hospitals_with_30_wmpcdp_days": 0.0, "num_hospitals_with_35_wmpcdp_days": 0, "percent_hospitals_with_35_wmpcdp_days": 0.0, "num_hospitals_with_1_dbdfep_day": 205, "percent_hospitals_with_1_dbdfep_day": 26.52005174644243, "num_hospitals_with_5_dbdfep_days": 125, "percent_hospitals_with_5_dbdfep_days": 16.170763260025872, "num_hospitals_with_10_dbdfep_days": 86, "percent_hospitals_with_10_dbdfep_days": 11.1254851228978, "num_hospitals_with_15_dbdfep_days": 63, "percent_hospitals_with_15_dbdfep_days": 8.15006468305304, "num_hospitals_with_20_dbdfep_days": 52, "percent_hospitals_with_20_dbdfep_days": 6.727037516170762, "num_hospitals_with_25_dbdfep_days": 43, "percent_hospitals_with_25_dbdfep_days": 5.5627425614489, "num_hospitals_with_30_dbdfep_days": 35, "percent_hospitals_with_30_dbdfep_days": 4.527813712807244, "num_hospitals_with_35_dbdfep_days": 28, "percent_hospitals_with_35_dbdfep_days": 3.6222509702457955, "is_hospital_with_pmpcdp_and_wmpcdp": false, "distribution_of_pmpcdp_days": [0, 0, 0, 0, 0, 0, 0, 0, 0, 0, 0, 0, 0, 0, 0, 0, 0, 1, 1, 1, 0, 1, 1, 0, 1, 0, 1, 1, 1, 1, 1, 1, 0, 1, 1, 1, 0, 2, 2, 1, 1, 2, 2, 2, 2, 1, 0, 1, 0, 1, 0, 1, 1, 1, 0, 1, 1, 0, 1, 1, 1, 0, 1, 1, 1, 2, 1, 1, 2, 1, 2, 2, 1, 0, 2, 1, 2, 1, 1, 1, 1, 2, 1, 1, 1, 1, 1, 2, 1, 2, 1, 1, 1, 3, 3, 3, 2, 3, 2, 3, 2, 1, 2, 2, 2, 2, 3, 2, 2, 2, 3, 2, 2, 3, 2, 2, 2, 3, 4, 3, 5, 6, 6, 6, 6, 7, 8, 8, 8, 8, 8, 8, 10, 11, 11, 10, 10, 10, 9, 11, 10, 10, 9, 10, 10, 10, 10, 10, 12, 11, 11, 11, 12, 13, 14, 14, 12, 13, 15, 12, 12, 12, 15, 15, 14, 15, 14, 15, 17, 19, 18, 18, 17, 17, 20, 20, 20, 17, 14, 15, 15, 15, 15, 18, 18, 18, 17, 14, 19, 24, 25, 22, 21, 22, 14, 17, 16, 15, 13, 13], "distribution_of_wmpcdp_days": [0, 0, 0, 0, 0, 0, 0, 0, 0, 0, 0, 0, 0, 0, 0, 0, 0, 0, 0, 0, 0, 0, 0, 0, 0, 0, 0, 0, 0, 0, 0, 0, 0, 0, 0, 0, 0, 0, 0, 0, 0, 0, 0, 0, 0, 0, 0, 0, 0, 0, 0, 0, 0, 0, 0, 0, 0, 0, 0, 0, 0, 0, 0, 0, 0, 0, 0, 0, 0, 0, 0, 0, 0, 0, 0, 0, 0, 0, 0, 0, 0, 0, 0, 0, 0, 0, 0, 0, 0, 0, 0, 0, 0, 0, 0, 0, 0, 0, 0, 0, 0, 0, 0, 0, 0, 0, 0, 0, 0, 0, 0, 0, 0, 0, 0, 0, 0, 0, 0, 0, 0, 0, 0, 0, 0, 0, 0, 0, 0, 0, 0, 0, 0, 0, 0, 0, 0, 0, 0, 1, 2, 2, 2, 2, 2, 2, 2, 2, 2, 2, 1, 1, 1, 1, 2, 2, 3, 3, 2, 1, 1, 0, 0, 0, 0, 1, 1, 1, 1, 1, 3, 2, 0, 0, 0, 1, 3, 3, 6, 5, 4, 5, 5, 4, 6, 7, 7, 8, 6, 6, 9, 12, 9, 10, 13, 12, 16, 16, 21, 28], "distribution_of_dbdfep_days": [0, 0, 2, 2, 2, 2, 2, 2, 2, 2, 2, 2, 2, 2, 2, 2, 3, 3, 3, 3, 3, 3, 3, 3, 3, 3, 3, 3, 3, 3, 3, 3, 3, 5, 6, 5, 6, 8, 8, 8, 9, 9, 9, 8, 8, 8, 8, 8, 10, 11, 11, 11, 11, 10, 10, 11, 11, 11, 11, 11, 10, 9, 9, 9, 9, 11, 11, 11, 11, 10, 9, 9, 10, 9, 9, 10, 10, 10, 11, 11, 11, 10, 10, 11, 12, 10, 8, 10, 10, 12, 13, 14, 15, 15, 15, 15, 13, 14, 14, 13, 13, 13, 12, 11, 11, 11, 11, 12, 11, 11, 11, 10, 11, 10, 9, 11, 13, 14, 16, 16, 18, 19, 18, 19, 18, 20, 21, 23, 23, 24, 24, 22, 24, 26, 25, 25, 23, 21, 22, 23, 25, 25, 24, 26, 27, 27, 26, 24, 26, 25, 26, 26, 24, 28, 28, 30, 31, 30, 30, 27, 26, 28, 31, 28, 31, 33, 31, 32, 33, 31, 33, 31, 26, 26, 27, 30, 30, 31, 29, 31, 29, 27, 29, 28, 31, 28, 32, 28, 32, 33, 38, 41, 35, 28, 23, 33, 34, 27, 32, 44]}